{
	"tribeData": {
		"**tribename**": {
			"color": **tribe colour**,
			"language": "**A bunch of sylables that sounds kind of thematic (at least 15). ex: 'san, gin, vamp, drac'**",
			"startingTech": [
				"basic",
				"**other starting techs**"
			],
			"startingResource": [
				"**starting resource**"
			],
			"terrainModifier": {
				"mountain": 0.7,
				"forest": 1.7,
				"water": 1.2
			},
			"resourceModifier": {
				"crop": 0.3,
				"fruit": 0.7,
				"fish": 1.5
			},
			"priceTier": 0,
			"category": 1,
			"bonus": 0,
			"startingUnit": "warrior",
			"idx": -1
		}
	}
}