{
	"tribes_sanginir": {
		"English": "Sanginir"
	},
	"tribes_sanginir_info": {
		"English": "The Sanginir are an isolated group of Polytopians who worship the mysterious vampires of their mountainy landscape. They are known to do ritualistic practices to show their devotion to the vampires."
	},
	"tribes_sanginir_info2": {
		"English": "The Sanginir start with the 'Flight' tech and a special Bat unit."
	},
	"technology_names_flight": {
		"English": "Flight"
	},
	"technology_names_ritual": {
		"English": "Ritual"
	},
	"unit_names_bat": {
		"English": "Bat"
	},
	"unit_names_fanatic": {
		"English": "Fanatic"
	},
	"unit_names_vampire": {
		"English": "Vampire"
	}
}