{
	"tribeData": {
		"sanginir": {
			"color": 6381921,
			"language": "tran,ania,dor,nor,va,nus",
			"startingTech": [
				"basic",
				"flight"
			],
			"terrainModifier": {
				"forest": 0.8
			},
			"priceTier": 3,
			"category": 2,
			"bonus": 0,
			"startingUnit": "bat",
			"techOverrides": {
				"riding": "flight",
				"freespirit": "ritual"
			},
			"idx": -1
		}
	},
	"techData": {
		"basic": {
			"unitUnlocks": [
				"giant",
				"bunny",
				"scout",
				"transportship",
				"warrior",
				"babydragon",
				"firedragon",
				"dagger"
			]
		},
		"flight": {
			"unitUnlocks": [
				"bat"
			],
			"cost": 1,
			"idx": -1,
			"techUnlocks": [
				"roads",
				"ritual"
			]
		},
		"ritual": {
			"abilityUnlocks": [
				"disband"
			],
			"cost": 2,
			"idx": -1,
			"techUnlocks": [
				"chivalry"
			]
		}
	},
	"unitData": {
		"bat": {
			"health": 100,
			"defence": 20,
			"movement": 1,
			"range": 1,
			"attack": 20,
			"cost": 3,
			"unitAbilities": [
				"dash",
				"escape",
				"surprise",
				"fly"
			],
			"weapon": 1,
			"promotionLimit": 3,
			"idx": -1,
			"prefab": "transportship"
		}
	}
}