{
	"tribeData": {
		"sanginir": {
			"color": 6381921,
			"language": "tran,ania,dor,nor,va,nus",
			"startingTech": [
				"basic",
				"flight"
			],
			"terrainModifier": {
				"forest": 1.5,
				"mountain": 1.2
			},
			"priceTier": 3,
			"category": 2,
			"bonus": 0,
			"startingUnit": "bat",
			"techOverrides": {
				"riding": "flight",
				"freespirit": "ritual"
			},
			"unitOverrides": {
				"mindbender": "fanatic",
				"giant": "vampire"
			},
			"startingResource": [
				"game"
			],
			"resourceModifier": {
				"fruit": 0.5,
				"crop": 0.5
			},
			"idx": -1
		}
	},
	"techData": {
		"basic": {
			"unitUnlocks": [
				"giant",
				"bunny",
				"scout",
				"transportship",
				"warrior",
				"babydragon",
				"firedragon",
				"dagger"
			]
		},
		"flight": {
			"unitUnlocks": [
				"bat"
			],
			"cost": 1,
			"idx": -1,
			"techUnlocks": [
				"roads",
				"ritual"
			]
		},
		"ritual": {
			"abilityUnlocks": [
				"disband"
			],
			"improvementUnlocks": [
				"temple"
			],
			"cost": 2,
			"idx": -1,
			"techUnlocks": [
				"chivalry"
			]
		},
		"meditation": {
			"unitUnlocks": [
				"mindbender"
			]
		},
		"philosophy": {
			"unitUnlocks": []
		}
	},
	"unitData": {
		"bat": {
			"health": 100,
			"defence": 15,
			"movement": 2,
			"range": 1,
			"attack": 20,
			"cost": 3,
			"unitAbilities": [
				"dash",
				"escape",
				"surprise",
				"fly"
			],
			"weapon": 7,
			"promotionLimit": 3,
			"idx": -1,
			"prefab": "transportship"
		},
		"fanatic": {
			"health": 100,
			"defence": 10,
			"movement": 1,
			"range": 2,
			"attack": 30,
			"cost": 5,
			"unitAbilities": [
				"dash",
				"land"
			],
			"weapon": 8,
			"promotionLimit": 3,
			"idx": -1,
			"prefab": "mindbender"
		},
		"vampire": {
			"health": 300,
			"defence": 30,
			"movement": 2,
			"range": 1,
			"attack": 40,
			"cost": 10,
			"unitAbilities": [
				"dash",
				"land"
			],
			"weapon": 7,
			"promotionLimit": 0,
			"idx": -1,
			"hidden": true,
			"prefab": "transportship"
		}
	}
}