{
    "head_sanginir_": {
        "pixelsPerUnit": 2200,
        "pivot": [0.5, 0.5]
    },
    "body_sanginir_": {
        "pixelsPerUnit": 2200,
        "pivot": [0.5, 0.5]
    },
    "body_outline_sanginir_": {
        "pixelsPerUnit": 2200,
        "pivot": [0.5, 0.5]
    },
    "boat_bat_sanginir_": {
        "pixelsPerUnit": 2200,
        "pivot": [0.5, 0.5]
    },
    "body_cloak_sanginir_": {
        "pixelsPerUnit": 2200,
        "pivot": [0.5, 0.5]
    },
    "body_cloak_outline_sanginir_": {
        "pixelsPerUnit": 2200,
        "pivot": [0.5, 0.5]
    },
    "body_giant_sanginir_": {
        "pixelsPerUnit": 2200,
        "pivot": [0.5, 0.5]
    },
    "body_giant_outline_sanginir_": {
        "pixelsPerUnit": 2200,
        "pivot": [0.5, 0.5]
    },
    "head_giant_sanginir_": {
        "pixelsPerUnit": 2200,
        "pivot": [0.5, 0.5]
    },
    "head_giant_outline_sanginir_": {
        "pixelsPerUnit": 2200,
        "pivot": [0.5, 0.5]
    },
    "catapult_sanginir": {
        "pixelsPerUnit": 2200,
        "pivot": [0.5, 0.5]
    },
    "catapult_outline_sanginir": {
        "pixelsPerUnit": 2200,
        "pivot": [0.5, 0.5]
    },
    "body_rider_sanginir_": {
        "pixelsPerUnit": 2200,
        "pivot": [0.5, 0.5]
    },
    "body_rider_outline_sanginir_": {
        "pixelsPerUnit": 2200,
        "pivot": [0.5, 0.5]
    },
    "game_sanginir_": {
        "pixelsPerUnit": 1800,
        "pivot": [0.5, 0.5]
    },
    "game_outline_sanginir_": {
        "pixelsPerUnit": 1800,
        "pivot": [0.5, 0.5]
    },
    "quiver_sanginir_": {
        "pixelsPerUnit": 2200,
        "pivot": [0.5, 0.5]
    },
    "shield_sanginir_": {
        "pixelsPerUnit": 2200,
        "pivot": [0.5, 0.5]
    },
    "shield_outline_sanginir_": {
        "pixelsPerUnit": 2200,
        "pivot": [0.5, 0.5]
    },
    "field_sanginir_": {
        "pixelsPerUnit": 2400,
        "pivot": [0.5, 0.15]
    },
    "forest_sanginir_": {
        "pixelsPerUnit": 3500,
        "pivot": [0.5, 0.45]
    },
    "mountain_sanginir_": {
        "pixelsPerUnit": 2400,
        "pivot": [0.5, 0.05]
    },
    "weapon_bow_sanginir_": {
        "pixelsPerUnit": 2200,
        "pivot": [0.5, 0.5]
    },
    "weapon_bow_outline_sanginir_": {
        "pixelsPerUnit": 2200,
        "pivot": [0.5, 0.5]
    },
    "weapon_club_sanginir_": {
        "pixelsPerUnit": 2200,
        "pivot": [0.5, 0.5]
    },
    "weapon_club_outline_sanginir_": {
        "pixelsPerUnit": 2200,
        "pivot": [0.5, 0.5]
    },
    "weapon_priest_sanginir_": {
        "pixelsPerUnit": 2200,
        "pivot": [0.5, 0.5]
    },
    "weapon_priest_outline_sanginir_": {
        "pixelsPerUnit": 2200,
        "pivot": [0.5, 0.5]
    },
    "weapon_sword_sanginir_": {
        "pixelsPerUnit": 2200,
        "pivot": [0.5, 0.5]
    },
    "weapon_sword_outline_sanginir_": {
        "pixelsPerUnit": 2200,
        "pivot": [0.5, 0.5]
    },
	"house_sanginir_1": {
		"pixelsPerUnit": 10000,
		"pivot": [0.5, 0.05]
	},
	"house_sanginir_2": {
		"pixelsPerUnit": 10000,
		"pivot": [0.5, 0.05]
	},
	"house_sanginir_3": {
		"pixelsPerUnit": 10000,
		"pivot": [0.5, 0.05]
	},
	"house_sanginir_4": {
		"pixelsPerUnit": 10000,
		"pivot": [0.5, 0.05]
	},
	"house_sanginir_5": {
		"pixelsPerUnit": 10000,
		"pivot": [0.5, 0.05]
	},
	"house_sanginir_7": {
		"pixelsPerUnit": 10000,
		"pivot": [0.5, 0.05]
	},
	"fruit_sanginir_": {
		"pixelsPerUnit": 6000,
		"pivot": [0.5, 0.5]
	}
}