{
    "head_sanginir_": {
        "pixelsPerUnit": 2200,
        "pivot": [0.5, 0.5]
    },
    "body_sanginir_": {
        "pixelsPerUnit": 2200,
        "pivot": [0.5, 0.5]
    },
    "body_outline_sanginir_": {
        "pixelsPerUnit": 2200,
        "pivot": [0.5, 0.5]
    },
    "body_cloak_sanginir_": {
        "pixelsPerUnit": 2200,
        "pivot": [0.5, 0.5]
    },
    "body_cloak_outline_sanginir_": {
        "pixelsPerUnit": 2200,
        "pivot": [0.5, 0.5]
    },
    "body_rider_sanginir_": {
        "pixelsPerUnit": 2200,
        "pivot": [0.5, 0.5]
    },
    "body_rider_outline_sanginir_": {
        "pixelsPerUnit": 2200,
        "pivot": [0.5, 0.5]
    },
    "game_sanginir_": {
        "pixelsPerUnit": 1800,
        "pivot": [0.5, 0.5]
    },
    "game_outline_sanginir_": {
        "pixelsPerUnit": 2200,
        "pivot": [0.5, 0.5]
    },
    "quiver_sanginir_": {
        "pixelsPerUnit": 2200,
        "pivot": [0.5, 0.5]
    },
    "shield_sanginir_": {
        "pixelsPerUnit": 2200,
        "pivot": [0.5, 0.5]
    },
    "shield_outline_sanginir_": {
        "pixelsPerUnit": 2200,
        "pivot": [0.5, 0.5]
    },
    "weapon_bow_sanginir_": {
        "pixelsPerUnit": 2200,
        "pivot": [0.5, 0.5]
    },
    "weapon_bow_outline_sanginir_": {
        "pixelsPerUnit": 2200,
        "pivot": [0.5, 0.5]
    },
    "weapon_club_sanginir_": {
        "pixelsPerUnit": 2200,
        "pivot": [0.5, 0.5]
    },
    "weapon_club_outline_sanginir_": {
        "pixelsPerUnit": 2200,
        "pivot": [0.5, 0.5]
    },
    "weapon_priest_sanginir_": {
        "pixelsPerUnit": 2200,
        "pivot": [0.5, 0.5]
    },
    "weapon_priest_outline_sanginir_": {
        "pixelsPerUnit": 2200,
        "pivot": [0.5, 0.5]
    },
    "weapon_sword_sanginir_": {
        "pixelsPerUnit": 2200,
        "pivot": [0.5, 0.5]
    },
    "weapon_sword_outline_sanginir_": {
        "pixelsPerUnit": 2200,
        "pivot": [0.5, 0.5]
    }
}